,month,Date,AvgH,AvgA,AvgD,result,HomeCumulativePoints,AwayCumulativePoints,h_avg_age,h_foreigners,h_total_value,h_avg_value,a_avg_age,a_foreigners,a_total_value,a_avg_value,HomeTeam_Arsenal,HomeTeam_Aston Villa,HomeTeam_Bournemouth,HomeTeam_Brentford,HomeTeam_Brighton,HomeTeam_Burnley,HomeTeam_Chelsea,HomeTeam_Crystal Palace,HomeTeam_Everton,HomeTeam_Fulham,HomeTeam_Liverpool,HomeTeam_Luton,HomeTeam_Man City,HomeTeam_Man United,HomeTeam_Newcastle,HomeTeam_Nott'm Forest,HomeTeam_Sheffield United,HomeTeam_Tottenham,HomeTeam_West Ham,HomeTeam_Wolves,AwayTeam_Arsenal,AwayTeam_Aston Villa,AwayTeam_Bournemouth,AwayTeam_Brentford,AwayTeam_Brighton,AwayTeam_Burnley,AwayTeam_Chelsea,AwayTeam_Crystal Palace,AwayTeam_Everton,AwayTeam_Fulham,AwayTeam_Liverpool,AwayTeam_Luton,AwayTeam_Man City,AwayTeam_Man United,AwayTeam_Newcastle,AwayTeam_Nott'm Forest,AwayTeam_Sheffield United,AwayTeam_Tottenham,AwayTeam_West Ham,AwayTeam_Wolves
0,8,2023-08-11,9.02,1.35,5.35,2,0,3,25.1,22,253.1,8.73,26.8,16,1260.0,57.42,False,False,False,False,False,True,False,False,False,False,False,False,False,False,False,False,False,False,False,False,False,False,False,False,False,False,False,False,False,False,False,False,True,False,False,False,False,False,False,False
1,8,2023-08-12,1.18,15.67,7.64,1,3,0,25.5,18,1100.0,44.38,26.8,24,359.65,12.84,True,False,False,False,False,False,False,False,False,False,False,False,False,False,False,False,False,False,False,False,False,False,False,False,False,False,False,False,False,False,False,False,False,False,False,True,False,False,False,False
2,8,2023-08-12,2.69,2.64,3.44,0,1,1,25.8,17,341.8,13.15,28.4,14,440.6,20.03,False,False,True,False,False,False,False,False,False,False,False,False,False,False,False,False,False,False,False,False,False,False,False,False,False,False,False,False,False,False,False,False,False,False,False,False,False,False,True,False
3,8,2023-08-12,1.33,9.61,5.52,1,3,0,25.4,19,487.1,18.04,27.4,15,101.6,3.63,False,False,False,False,True,False,False,False,False,False,False,False,False,False,False,False,False,False,False,False,False,False,False,False,False,False,False,False,False,False,False,True,False,False,False,False,False,False,False,False
4,8,2023-08-12,2.24,3.3,3.43,2,0,3,27.1,11,336.9,13.48,28.1,22,335.0,13.96,False,False,False,False,False,False,False,False,True,False,False,False,False,False,False,False,False,False,False,False,False,False,False,False,False,False,False,False,False,True,False,False,False,False,False,False,False,False,False,False
5,8,2023-08-12,3.12,2.41,3.24,2,0,3,25.8,17,146.75,5.06,26.0,13,385.9,13.31,False,False,False,False,False,False,False,False,False,False,False,False,False,False,False,False,True,False,False,False,False,False,False,False,False,False,False,True,False,False,False,False,False,False,False,False,False,False,False,False
6,8,2023-08-12,1.76,4.61,3.88,1,3,0,27.4,13,638.7,22.81,26.3,18,623.05,23.08,False,False,False,False,False,False,False,False,False,False,False,False,False,False,True,False,False,False,False,False,False,True,False,False,False,False,False,False,False,False,False,False,False,False,False,False,False,False,False,False
7,8,2023-08-13,2.73,2.5,3.63,0,1,1,25.5,23,407.18,13.57,25.3,20,761.3,29.28,False,False,False,True,False,False,False,False,False,False,False,False,False,False,False,False,False,False,False,False,False,False,False,False,False,False,False,False,False,False,False,False,False,False,False,False,False,True,False,False
8,8,2023-08-13,2.87,2.39,3.64,0,1,1,23.5,19,947.3,31.58,25.6,21,868.75,31.03,False,False,False,False,False,False,True,False,False,False,False,False,False,False,False,False,False,False,False,False,False,False,False,False,False,False,False,False,False,False,True,False,False,False,False,False,False,False,False,False
9,8,2023-08-14,1.31,9.85,5.65,1,3,0,26.3,19,735.25,27.23,25.8,18,302.7,13.76,False,False,False,False,False,False,False,False,False,False,False,False,False,True,False,False,False,False,False,False,False,False,False,False,False,False,False,False,False,False,False,False,False,False,False,False,False,False,False,True
10,8,2023-08-18,1.95,4.25,3.43,1,3,0,26.8,24,359.65,12.84,25.8,17,146.75,5.06,False,False,False,False,False,False,False,False,False,False,False,False,False,False,False,True,False,False,False,False,False,False,False,False,False,False,False,False,False,False,False,False,False,False,False,False,True,False,False,False
11,8,2023-08-19,2.72,2.63,3.4,2,3,4,28.1,22,335.0,13.96,25.5,23,407.18,13.57,False,False,False,False,False,False,False,False,False,True,False,False,False,False,False,False,False,False,False,False,False,False,False,True,False,False,False,False,False,False,False,False,False,False,False,False,False,False,False,False
12,8,2023-08-19,1.23,11.82,6.86,1,4,1,25.6,21,868.75,31.03,25.8,17,341.8,13.15,False,False,False,False,False,False,False,False,False,False,True,False,False,False,False,False,False,False,False,False,False,False,True,False,False,False,False,False,False,False,False,False,False,False,False,False,False,False,False,False
13,8,2023-08-19,4.0,1.89,3.81,2,0,6,25.8,18,302.7,13.76,25.4,19,487.1,18.04,False,False,False,False,False,False,False,False,False,False,False,False,False,False,False,False,False,False,False,True,False,False,False,False,True,False,False,False,False,False,False,False,False,False,False,False,False,False,False,False
14,8,2023-08-19,2.84,2.37,3.75,1,4,3,25.3,20,761.3,29.28,26.3,19,735.25,27.23,False,False,False,False,False,False,False,False,False,False,False,False,False,False,False,False,False,True,False,False,False,False,False,False,False,False,False,False,False,False,False,False,False,True,False,False,False,False,False,False
15,8,2023-08-19,1.7,4.83,4.07,1,6,3,26.8,16,1260.0,57.42,27.4,13,638.7,22.81,False,False,False,False,False,False,False,False,False,False,False,False,True,False,False,False,False,False,False,False,False,False,False,False,False,False,False,False,False,False,False,False,False,False,True,False,False,False,False,False
16,8,2023-08-20,1.7,5.0,3.91,1,3,0,26.3,18,623.05,23.08,27.1,11,336.9,13.48,False,True,False,False,False,False,False,False,False,False,False,False,False,False,False,False,False,False,False,False,False,False,False,False,False,False,False,False,True,False,False,False,False,False,False,False,False,False,False,False
17,8,2023-08-20,3.66,2.04,3.57,1,4,1,28.4,14,440.6,20.03,23.5,19,947.3,31.58,False,False,False,False,False,False,False,False,False,False,False,False,False,False,False,False,False,False,True,False,False,False,False,False,False,False,True,False,False,False,False,False,False,False,False,False,False,False,False,False
18,8,2023-08-21,5.79,1.6,4.06,2,3,6,26.0,13,385.9,13.31,25.5,18,1100.0,44.38,False,False,False,False,False,False,False,True,False,False,False,False,False,False,False,False,False,False,False,False,True,False,False,False,False,False,False,False,False,False,False,False,False,False,False,False,False,False,False,False
19,8,2023-08-25,1.29,10.78,5.86,1,4,0,23.5,19,947.3,31.58,27.4,15,101.6,3.63,False,False,False,False,False,False,True,False,False,False,False,False,False,False,False,False,False,False,False,False,False,False,False,False,False,False,False,False,False,False,False,True,False,False,False,False,False,False,False,False
20,8,2023-08-26,3.67,1.95,3.94,2,1,7,25.8,17,341.8,13.15,25.3,20,761.3,29.28,False,False,True,False,False,False,False,False,False,False,False,False,False,False,False,False,False,False,False,False,False,False,False,False,False,False,False,False,False,False,False,False,False,False,False,False,False,True,False,False
21,8,2023-08-26,1.23,13.35,6.49,0,7,4,25.5,18,1100.0,44.38,28.1,22,335.0,13.96,True,False,False,False,False,False,False,False,False,False,False,False,False,False,False,False,False,False,False,False,False,False,False,False,False,False,False,False,False,True,False,False,False,False,False,False,False,False,False,False
22,8,2023-08-26,2.14,3.57,3.41,0,5,4,25.5,23,407.18,13.57,26.0,13,385.9,13.31,False,False,False,True,False,False,False,False,False,False,False,False,False,False,False,False,False,False,False,False,False,False,False,False,False,False,False,True,False,False,False,False,False,False,False,False,False,False,False,False
23,8,2023-08-26,2.32,3.24,3.31,2,0,3,27.1,11,336.9,13.48,25.8,18,302.7,13.76,False,False,False,False,False,False,False,False,True,False,False,False,False,False,False,False,False,False,False,False,False,False,False,False,False,False,False,False,False,False,False,False,False,False,False,False,False,False,False,True
24,8,2023-08-26,1.31,9.23,5.79,1,6,3,26.3,19,735.25,27.23,26.8,24,359.65,12.84,False,False,False,False,False,False,False,False,False,False,False,False,False,True,False,False,False,False,False,False,False,False,False,False,False,False,False,False,False,False,False,False,False,False,False,True,False,False,False,False
25,8,2023-08-26,1.53,5.73,4.67,2,6,7,25.4,19,487.1,18.04,28.4,14,440.6,20.03,False,False,False,False,True,False,False,False,False,False,False,False,False,False,False,False,False,False,False,False,False,False,False,False,False,False,False,False,False,False,False,False,False,False,False,False,False,False,True,False
26,8,2023-08-27,3.36,2.16,3.55,2,0,6,25.1,22,253.1,8.73,26.3,18,623.05,23.08,False,False,False,False,False,True,False,False,False,False,False,False,False,False,False,False,False,False,False,False,False,True,False,False,False,False,False,False,False,False,False,False,False,False,False,False,False,False,False,False
27,8,2023-08-27,16.67,1.18,7.51,2,0,9,25.8,17,146.75,5.06,26.8,16,1260.0,57.42,False,False,False,False,False,False,False,False,False,False,False,False,False,False,False,False,True,False,False,False,False,False,False,False,False,False,False,False,False,False,False,False,True,False,False,False,False,False,False,False
28,8,2023-08-27,2.2,3.03,3.9,2,3,7,27.4,13,638.7,22.81,25.6,21,868.75,31.03,False,False,False,False,False,False,False,False,False,False,False,False,False,False,True,False,False,False,False,False,False,False,False,False,False,False,False,False,False,False,True,False,False,False,False,False,False,False,False,False
29,9,2023-09-01,4.7,1.74,3.94,2,0,10,27.4,15,101.6,3.63,28.4,14,440.6,20.03,False,False,False,False,False,False,False,False,False,False,False,True,False,False,False,False,False,False,False,False,False,False,False,False,False,False,False,False,False,False,False,False,False,False,False,False,False,False,True,False
30,9,2023-09-02,3.01,2.5,3.23,0,1,1,25.8,17,146.75,5.06,27.1,11,336.9,13.48,False,False,False,False,False,False,False,False,False,False,False,False,False,False,False,False,True,False,False,False,False,False,False,False,False,False,False,False,True,False,False,False,False,False,False,False,False,False,False,False
31,9,2023-09-02,1.72,4.67,4.06,0,6,2,25.5,23,407.18,13.57,25.8,17,341.8,13.15,False,False,False,True,False,False,False,False,False,False,False,False,False,False,False,False,False,False,False,False,False,False,True,False,False,False,False,False,False,False,False,False,False,False,False,False,False,False,False,False
32,9,2023-09-02,3.83,1.88,3.99,2,0,10,25.1,22,253.1,8.73,25.3,20,761.3,29.28,False,False,False,False,False,True,False,False,False,False,False,False,False,False,False,False,False,False,False,False,False,False,False,False,False,False,False,False,False,False,False,False,False,False,False,False,False,True,False,False
33,9,2023-09-02,1.38,8.27,5.03,2,4,6,23.5,19,947.3,31.58,26.8,24,359.65,12.84,False,False,False,False,False,False,True,False,False,False,False,False,False,False,False,False,False,False,False,False,False,False,False,False,False,False,False,False,False,False,False,False,False,False,False,True,False,False,False,False
34,9,2023-09-02,1.15,17.91,8.46,1,12,4,26.8,16,1260.0,57.42,28.1,22,335.0,13.96,False,False,False,False,False,False,False,False,False,False,False,False,True,False,False,False,False,False,False,False,False,False,False,False,False,False,False,False,False,True,False,False,False,False,False,False,False,False,False,False
35,9,2023-09-02,2.55,2.55,3.87,1,9,3,25.4,19,487.1,18.04,27.4,13,638.7,22.81,False,False,False,False,True,False,False,False,False,False,False,False,False,False,False,False,False,False,False,False,False,False,False,False,False,False,False,False,False,False,False,False,False,False,True,False,False,False,False,False
36,9,2023-09-03,1.95,4.15,3.45,1,7,3,26.0,13,385.9,13.31,25.8,18,302.7,13.76,False,False,False,False,False,False,False,True,False,False,False,False,False,False,False,False,False,False,False,False,False,False,False,False,False,False,False,False,False,False,False,False,False,False,False,False,False,False,False,True
37,9,2023-09-03,1.66,4.57,4.49,1,10,6,25.6,21,868.75,31.03,26.3,18,623.05,23.08,False,False,False,False,False,False,False,False,False,False,True,False,False,False,False,False,False,False,False,False,False,True,False,False,False,False,False,False,False,False,False,False,False,False,False,False,False,False,False,False
38,9,2023-09-03,1.77,4.38,4.04,1,10,6,25.5,18,1100.0,44.38,26.3,19,735.25,27.23,True,False,False,False,False,False,False,False,False,False,False,False,False,False,False,False,False,False,False,False,False,False,False,False,False,False,False,False,False,False,False,False,False,True,False,False,False,False,False,False
39,9,2023-09-16,6.64,1.45,4.95,2,3,13,25.8,18,302.7,13.76,25.6,21,868.75,31.03,False,False,False,False,False,False,False,False,False,False,False,False,False,False,False,False,False,False,False,True,False,False,False,False,False,False,False,False,False,False,True,False,False,False,False,False,False,False,False,False
40,9,2023-09-16,1.9,4.07,3.7,1,9,7,26.3,18,623.05,23.08,26.0,13,385.9,13.31,False,True,False,False,False,False,False,False,False,False,False,False,False,False,False,False,False,False,False,False,False,False,False,False,False,False,False,True,False,False,False,False,False,False,False,False,False,False,False,False
41,9,2023-09-16,1.68,5.18,3.96,1,7,0,28.1,22,335.0,13.96,27.4,15,101.6,3.63,False,False,False,False,False,False,False,False,False,True,False,False,False,False,False,False,False,False,False,False,False,False,False,False,False,False,False,False,False,False,False,True,False,False,False,False,False,False,False,False
42,9,2023-09-16,2.21,2.96,3.98,2,6,12,26.3,19,735.25,27.23,25.4,19,487.1,18.04,False,False,False,False,False,False,False,False,False,False,False,False,False,True,False,False,False,False,False,False,False,False,False,False,True,False,False,False,False,False,False,False,False,False,False,False,False,False,False,False
43,9,2023-09-16,1.28,10.52,6.1,1,13,1,25.3,20,761.3,29.28,25.8,17,146.75,5.06,False,False,False,False,False,False,False,False,False,False,False,False,False,False,False,False,False,True,False,False,False,False,False,False,False,False,False,False,False,False,False,False,False,False,False,False,True,False,False,False
44,9,2023-09-16,6.57,1.48,4.67,2,10,15,28.4,14,440.6,20.03,26.8,16,1260.0,57.42,False,False,False,False,False,False,False,False,False,False,False,False,False,False,False,False,False,False,True,False,False,False,False,False,False,False,False,False,False,False,False,False,True,False,False,False,False,False,False,False
45,9,2023-09-16,1.53,6.12,4.37,1,6,6,27.4,13,638.7,22.81,25.5,23,407.18,13.57,False,False,False,False,False,False,False,False,False,False,False,False,False,False,True,False,False,False,False,False,False,False,False,True,False,False,False,False,False,False,False,False,False,False,False,False,False,False,False,False
46,9,2023-09-17,4.34,1.79,3.96,0,3,5,25.8,17,341.8,13.15,23.5,19,947.3,31.58,False,False,True,False,False,False,False,False,False,False,False,False,False,False,False,False,False,False,False,False,False,False,False,False,False,False,True,False,False,False,False,False,False,False,False,False,False,False,False,False
47,9,2023-09-17,6.07,1.52,4.55,2,1,13,27.1,11,336.9,13.48,25.5,18,1100.0,44.38,False,False,False,False,False,False,False,False,True,False,False,False,False,False,False,False,False,False,False,False,True,False,False,False,False,False,False,False,False,False,False,False,False,False,False,False,False,False,False,False
48,9,2023-09-18,2.24,3.22,3.51,0,7,1,26.8,24,359.65,12.84,25.1,22,253.1,8.73,False,False,False,False,False,False,False,False,False,False,False,False,False,False,False,True,False,False,False,False,False,False,False,False,False,True,False,False,False,False,False,False,False,False,False,False,False,False,False,False
49,9,2023-09-23,1.95,4.09,3.51,0,8,8,26.0,13,385.9,13.31,28.1,22,335.0,13.96,False,False,False,False,False,False,False,True,False,False,False,False,False,False,False,False,False,False,False,False,False,False,False,False,False,False,False,False,False,True,False,False,False,False,False,False,False,False,False,False
50,9,2023-09-23,3.3,2.23,3.43,0,1,4,27.4,15,101.6,3.63,25.8,18,302.7,13.76,False,False,False,False,False,False,False,False,False,False,False,True,False,False,False,False,False,False,False,False,False,False,False,False,False,False,False,False,False,False,False,False,False,False,False,False,False,False,False,True
51,9,2023-09-23,1.15,18.11,8.55,1,18,7,26.8,16,1260.0,57.42,26.8,24,359.65,12.84,False,False,False,False,False,False,False,False,False,False,False,False,True,False,False,False,False,False,False,False,False,False,False,False,False,False,False,False,False,False,False,False,False,False,False,True,False,False,False,False
52,9,2023-09-23,1.8,4.49,3.78,2,6,4,25.5,23,407.18,13.57,27.1,11,336.9,13.48,False,False,False,True,False,False,False,False,False,False,False,False,False,False,False,False,False,False,False,False,False,False,False,False,False,False,False,False,True,False,False,False,False,False,False,False,False,False,False,False
53,9,2023-09-23,4.31,1.75,4.16,2,1,9,25.1,22,253.1,8.73,26.3,19,735.25,27.23,False,False,False,False,False,True,False,False,False,False,False,False,False,False,False,False,False,False,False,False,False,False,False,False,False,False,False,False,False,False,False,False,False,True,False,False,False,False,False,False
54,9,2023-09-24,1.7,4.5,4.36,0,14,14,25.5,18,1100.0,44.38,25.3,20,761.3,29.28,True,False,False,False,False,False,False,False,False,False,False,False,False,False,False,False,False,False,False,False,False,False,False,False,False,False,False,False,False,False,False,False,False,False,False,False,False,True,False,False
55,9,2023-09-24,1.38,7.58,5.31,1,15,3,25.4,19,487.1,18.04,25.8,17,341.8,13.15,False,False,False,False,True,False,False,False,False,False,False,False,False,False,False,False,False,False,False,False,False,False,True,False,False,False,False,False,False,False,False,False,False,False,False,False,False,False,False,False
56,9,2023-09-24,1.91,3.87,3.85,2,5,12,23.5,19,947.3,31.58,26.3,18,623.05,23.08,False,False,False,False,False,False,True,False,False,False,False,False,False,False,False,False,False,False,False,False,False,True,False,False,False,False,False,False,False,False,False,False,False,False,False,False,False,False,False,False
57,9,2023-09-24,1.39,7.19,5.38,1,16,10,25.6,21,868.75,31.03,28.4,14,440.6,20.03,False,False,False,False,False,False,False,False,False,False,True,False,False,False,False,False,False,False,False,False,False,False,False,False,False,False,False,False,False,False,False,False,False,False,False,False,False,False,True,False
58,9,2023-09-24,7.01,1.45,4.78,2,1,9,25.8,17,146.75,5.06,27.4,13,638.7,22.81,False,False,False,False,False,False,False,False,False,False,False,False,False,False,False,False,True,False,False,False,False,False,False,False,False,False,False,False,False,False,False,False,False,False,True,False,False,False,False,False
59,9,2023-09-30,2.56,2.55,3.92,1,15,15,26.3,18,623.05,23.08,25.4,19,487.1,18.04,False,True,False,False,False,False,False,False,False,False,False,False,False,False,False,False,False,False,False,False,False,False,False,False,True,False,False,False,False,False,False,False,False,False,False,False,False,False,False,False
60,9,2023-09-30,5.77,1.53,4.68,2,3,17,25.8,17,341.8,13.15,25.5,18,1100.0,44.38,False,False,True,False,False,False,False,False,False,False,False,False,False,False,False,False,False,False,False,False,True,False,False,False,False,False,False,False,False,False,False,False,False,False,False,False,False,False,False,False
61,9,2023-09-30,1.61,6.06,3.94,2,4,4,27.1,11,336.9,13.48,27.4,15,101.6,3.63,False,False,False,False,False,False,False,False,True,False,False,False,False,False,False,False,False,False,False,False,False,False,False,False,False,False,False,False,False,False,False,True,False,False,False,False,False,False,False,False
62,9,2023-09-30,1.57,5.89,4.3,2,9,11,26.3,19,735.25,27.23,26.0,13,385.9,13.31,False,False,False,False,False,False,False,False,False,False,False,False,False,True,False,False,False,False,False,False,False,False,False,False,False,False,False,True,False,False,False,False,False,False,False,False,False,False,False,False
63,9,2023-09-30,1.33,9.22,5.62,1,12,1,27.4,13,638.7,22.81,25.1,22,253.1,8.73,False,False,False,False,False,False,False,False,False,False,False,False,False,False,True,False,False,False,False,False,False,False,False,False,False,True,False,False,False,False,False,False,False,False,False,False,False,False,False,False
64,9,2023-09-30,1.45,7.1,4.79,1,13,1,28.4,14,440.6,20.03,25.8,17,146.75,5.06,False,False,False,False,False,False,False,False,False,False,False,False,False,False,False,False,False,False,True,False,False,False,False,False,False,False,False,False,False,False,False,False,False,False,False,False,True,False,False,False
65,9,2023-09-30,9.2,1.33,5.65,1,7,18,25.8,18,302.7,13.76,26.8,16,1260.0,57.42,False,False,False,False,False,False,False,False,False,False,False,False,False,False,False,False,False,False,False,True,False,False,False,False,False,False,False,False,False,False,False,False,True,False,False,False,False,False,False,False
66,9,2023-09-30,2.96,2.21,4.03,1,17,16,25.3,20,761.3,29.28,25.6,21,868.75,31.03,False,False,False,False,False,False,False,False,False,False,False,False,False,False,False,False,False,True,False,False,False,False,False,False,False,False,False,False,False,False,True,False,False,False,False,False,False,False,False,False
67,10,2023-10-01,2.81,2.65,3.27,0,8,7,26.8,24,359.65,12.84,25.5,23,407.18,13.57,False,False,False,False,False,False,False,False,False,False,False,False,False,False,False,True,False,False,False,False,False,False,False,True,False,False,False,False,False,False,False,False,False,False,False,False,False,False,False,False
68,10,2023-10-02,3.73,2.06,3.49,2,8,8,28.1,22,335.0,13.96,23.5,19,947.3,31.58,False,False,False,False,False,False,False,False,False,True,False,False,False,False,False,False,False,False,False,False,False,False,False,False,False,False,True,False,False,False,False,False,False,False,False,False,False,False,False,False
69,10,2023-10-03,2.92,2.63,3.18,2,4,4,27.4,15,101.6,3.63,25.1,22,253.1,8.73,False,False,False,False,False,False,False,False,False,False,False,True,False,False,False,False,False,False,False,False,False,False,False,False,False,True,False,False,False,False,False,False,False,False,False,False,False,False,False,False
70,10,2023-10-07,6.46,1.48,4.79,2,4,20,27.4,15,101.6,3.63,25.3,20,761.3,29.28,False,False,False,False,False,False,False,False,False,False,False,True,False,False,False,False,False,False,False,False,False,False,False,False,False,False,False,False,False,False,False,False,False,False,False,False,False,True,False,False
71,10,2023-10-07,4.63,1.76,3.92,2,4,11,25.1,22,253.1,8.73,23.5,19,947.3,31.58,False,False,False,False,False,True,False,False,False,False,False,False,False,False,False,False,False,False,False,False,False,False,False,False,False,False,True,False,False,False,False,False,False,False,False,False,False,False,False,False
72,10,2023-10-07,1.97,3.81,3.7,1,7,3,27.1,11,336.9,13.48,25.8,17,341.8,13.15,False,False,False,False,False,False,False,False,True,False,False,False,False,False,False,False,False,False,False,False,False,False,True,False,False,False,False,False,False,False,False,False,False,False,False,False,False,False,False,False
73,10,2023-10-07,1.64,5.69,3.96,1,11,1,28.1,22,335.0,13.96,25.8,17,146.75,5.06,False,False,False,False,False,False,False,False,False,True,False,False,False,False,False,False,False,False,False,False,False,False,False,False,False,False,False,False,False,False,False,False,False,False,False,False,True,False,False,False
74,10,2023-10-07,1.69,4.78,4.2,1,12,7,26.3,19,735.25,27.23,25.5,23,407.18,13.57,False,False,False,False,False,False,False,False,False,False,False,False,False,True,False,False,False,False,False,False,False,False,False,True,False,False,False,False,False,False,False,False,False,False,False,False,False,False,False,False
75,10,2023-10-07,2.24,3.49,3.25,0,12,9,26.0,13,385.9,13.31,26.8,24,359.65,12.84,False,False,False,False,False,False,False,True,False,False,False,False,False,False,False,False,False,False,False,False,False,False,False,False,False,False,False,False,False,False,False,False,False,False,False,True,False,False,False,False
76,10,2023-10-08,3.05,2.17,4.01,0,16,17,25.4,19,487.1,18.04,25.6,21,868.75,31.03,False,False,False,False,True,False,False,False,False,False,False,False,False,False,False,False,False,False,False,False,False,False,False,False,False,False,False,False,False,False,True,False,False,False,False,False,False,False,False,False
77,10,2023-10-08,3.32,2.13,3.72,0,14,13,28.4,14,440.6,20.03,27.4,13,638.7,22.81,False,False,False,False,False,False,False,False,False,False,False,False,False,False,False,False,False,False,True,False,False,False,False,False,False,False,False,False,False,False,False,False,False,False,True,False,False,False,False,False
78,10,2023-10-08,3.4,2.14,3.59,0,8,16,25.8,18,302.7,13.76,26.3,18,623.05,23.08,False,False,False,False,False,False,False,False,False,False,False,False,False,False,False,False,False,False,False,True,False,True,False,False,False,False,False,False,False,False,False,False,False,False,False,False,False,False,False,False
79,10,2023-10-08,2.92,2.44,3.49,1,20,18,25.5,18,1100.0,44.38,26.8,16,1260.0,57.42,True,False,False,False,False,False,False,False,False,False,False,False,False,False,False,False,False,False,False,False,False,False,False,False,False,False,False,False,False,False,False,False,True,False,False,False,False,False,False,False
80,10,2023-10-21,1.36,8.01,5.66,1,20,7,25.6,21,868.75,31.03,27.1,11,336.9,13.48,False,False,False,False,False,False,False,False,False,False,True,False,False,False,False,False,False,False,False,False,False,False,False,False,False,False,False,False,True,False,False,False,False,False,False,False,False,False,False,False
81,10,2023-10-21,2.41,2.95,3.48,2,3,11,25.8,17,341.8,13.15,25.8,18,302.7,13.76,False,False,True,False,False,False,False,False,False,False,False,False,False,False,False,False,False,False,False,False,False,False,False,False,False,False,False,False,False,False,False,False,False,False,False,False,False,False,False,True
82,10,2023-10-21,1.83,4.4,3.74,1,10,4,25.5,23,407.18,13.57,25.1,22,253.1,8.73,False,False,False,True,False,False,False,False,False,False,False,False,False,False,False,False,False,False,False,False,False,False,False,False,False,True,False,False,False,False,False,False,False,False,False,False,False,False,False,False
83,10,2023-10-21,1.41,6.83,5.36,1,21,16,26.8,16,1260.0,57.42,25.4,19,487.1,18.04,False,False,False,False,False,False,False,False,False,False,False,False,True,False,False,False,False,False,False,False,False,False,False,False,True,False,False,False,False,False,False,False,False,False,False,False,False,False,False,False
84,10,2023-10-21,1.46,7.44,4.53,1,16,12,27.4,13,638.7,22.81,26.0,13,385.9,13.31,False,False,False,False,False,False,False,False,False,False,False,False,False,False,True,False,False,False,False,False,False,False,False,False,False,False,False,True,False,False,False,False,False,False,False,False,False,False,False,False
85,10,2023-10-21,1.69,5.33,3.82,0,10,5,26.8,24,359.65,12.84,27.4,15,101.6,3.63,False,False,False,False,False,False,False,False,False,False,False,False,False,False,False,True,False,False,False,False,False,False,False,False,False,False,False,False,False,False,False,True,False,False,False,False,False,False,False,False
86,10,2023-10-21,3.24,2.26,3.47,0,12,21,23.5,19,947.3,31.58,25.5,18,1100.0,44.38,False,False,False,False,False,False,True,False,False,False,False,False,False,False,False,False,False,False,False,False,True,False,False,False,False,False,False,False,False,False,False,False,False,False,False,False,False,False,False,False
87,10,2023-10-21,7.27,1.42,5.07,2,1,15,25.8,17,146.75,5.06,26.3,19,735.25,27.23,False,False,False,False,False,False,False,False,False,False,False,False,False,False,False,False,True,False,False,False,False,False,False,False,False,False,False,False,False,False,False,False,False,True,False,False,False,False,False,False
88,10,2023-10-22,1.9,3.88,3.86,1,19,14,26.3,18,623.05,23.08,28.4,14,440.6,20.03,False,True,False,False,False,False,False,False,False,False,False,False,False,False,False,False,False,False,False,False,False,False,False,False,False,False,False,False,False,False,False,False,False,False,False,False,False,False,True,False
89,10,2023-10-23,1.51,5.99,4.7,1,23,11,25.3,20,761.3,29.28,28.1,22,335.0,13.96,False,False,False,False,False,False,False,False,False,False,False,False,False,False,False,False,False,True,False,False,False,False,False,False,False,False,False,False,False,True,False,False,False,False,False,False,False,False,False,False
90,10,2023-10-27,4.64,1.79,3.83,2,12,26,26.0,13,385.9,13.31,25.3,20,761.3,29.28,False,False,False,False,False,False,False,True,False,False,False,False,False,False,False,False,False,False,False,False,False,False,False,False,False,False,False,False,False,False,False,False,False,False,False,False,False,True,False,False
91,10,2023-10-28,1.65,5.31,4.1,2,12,13,23.5,19,947.3,31.58,25.5,23,407.18,13.57,False,False,False,False,False,False,True,False,False,False,False,False,False,False,False,False,False,False,False,False,False,False,False,True,False,False,False,False,False,False,False,False,False,False,False,False,False,False,False,False
92,10,2023-10-28,1.13,21.6,9.61,1,24,1,25.5,18,1100.0,44.38,25.8,17,146.75,5.06,True,False,False,False,False,False,False,False,False,False,False,False,False,False,False,False,False,False,False,False,False,False,False,False,False,False,False,False,False,False,False,False,False,False,False,False,True,False,False,False
93,10,2023-10-28,2.13,3.38,3.66,1,6,4,25.8,17,341.8,13.15,25.1,22,253.1,8.73,False,False,True,False,False,False,False,False,False,False,False,False,False,False,False,False,False,False,False,False,False,False,False,False,False,True,False,False,False,False,False,False,False,False,False,False,False,False,False,False
94,10,2023-10-28,4.26,1.82,3.94,0,12,17,25.8,18,302.7,13.76,27.4,13,638.7,22.81,False,False,False,False,False,False,False,False,False,False,False,False,False,False,False,False,False,False,False,True,False,False,False,False,False,False,False,False,False,False,False,False,False,False,True,False,False,False,False,False
95,10,2023-10-29,2.15,3.32,3.64,2,14,10,28.4,14,440.6,20.03,27.1,11,336.9,13.48,False,False,False,False,False,False,False,False,False,False,False,False,False,False,False,False,False,False,True,False,False,False,False,False,False,False,False,False,True,False,False,False,False,False,False,False,False,False,False,False
96,10,2023-10-29,1.28,10.79,6.19,1,22,5,26.3,18,623.05,23.08,27.4,15,101.6,3.63,False,True,False,False,False,False,False,False,False,False,False,False,False,False,False,False,False,False,False,False,False,False,False,False,False,False,False,False,False,False,False,True,False,False,False,False,False,False,False,False
97,10,2023-10-29,1.56,5.42,4.6,0,17,12,25.4,19,487.1,18.04,28.1,22,335.0,13.96,False,False,False,False,True,False,False,False,False,False,False,False,False,False,False,False,False,False,False,False,False,False,False,False,False,False,False,False,False,True,False,False,False,False,False,False,False,False,False,False
98,10,2023-10-29,1.27,10.39,6.38,1,23,10,25.6,21,868.75,31.03,26.8,24,359.65,12.84,False,False,False,False,False,False,False,False,False,False,True,False,False,False,False,False,False,False,False,False,False,False,False,False,False,False,False,False,False,False,False,False,False,False,False,True,False,False,False,False
99,10,2023-10-29,4.99,1.69,4.04,2,15,24,26.3,19,735.25,27.23,26.8,16,1260.0,57.42,False,False,False,False,False,False,False,False,False,False,False,False,False,True,False,False,False,False,False,False,False,False,False,False,False,False,False,False,False,False,False,False,True,False,False,False,False,False,False,False
100,11,2023-11-04,3.24,2.2,3.61,2,12,18,28.1,22,335.0,13.96,26.3,19,735.25,27.23,False,False,False,False,False,False,False,False,False,True,False,False,False,False,False,False,False,False,False,False,False,False,False,False,False,False,False,False,False,False,False,False,False,True,False,False,False,False,False,False
101,11,2023-11-04,2.08,3.46,3.67,1,16,14,25.5,23,407.18,13.57,28.4,14,440.6,20.03,False,False,False,True,False,False,False,False,False,False,False,False,False,False,False,False,False,False,False,False,False,False,False,False,False,False,False,False,False,False,False,False,False,False,False,False,False,False,True,False
102,11,2023-11-04,2.85,2.63,3.23,2,4,15,25.1,22,253.1,8.73,26.0,13,385.9,13.31,False,False,False,False,False,True,False,False,False,False,False,False,False,False,False,False,False,False,False,False,False,False,False,False,False,False,False,True,False,False,False,False,False,False,False,False,False,False,False,False
103,11,2023-11-04,3.09,2.2,3.81,0,11,18,27.1,11,336.9,13.48,25.4,19,487.1,18.04,False,False,False,False,False,False,False,False,True,False,False,False,False,False,False,False,False,False,False,False,False,False,False,False,True,False,False,False,False,False,False,False,False,False,False,False,False,False,False,False
104,11,2023-11-04,1.1,26.19,11.39,1,27,6,26.8,16,1260.0,57.42,25.8,17,341.8,13.15,False,False,False,False,False,False,False,False,False,False,False,False,True,False,False,False,False,False,False,False,False,False,True,False,False,False,False,False,False,False,False,False,False,False,False,False,False,False,False,False
105,11,2023-11-04,3.83,1.98,3.64,1,4,12,25.8,17,146.75,5.06,25.8,18,302.7,13.76,False,False,False,False,False,False,False,False,False,False,False,False,False,False,False,False,True,False,False,False,False,False,False,False,False,False,False,False,False,False,False,False,False,False,False,False,False,False,False,True
106,11,2023-11-04,2.82,2.56,3.39,1,20,24,27.4,13,638.7,22.81,25.5,18,1100.0,44.38,False,False,False,False,False,False,False,False,False,False,False,False,False,False,True,False,False,False,False,False,True,False,False,False,False,False,False,False,False,False,False,False,False,False,False,False,False,False,False,False
107,11,2023-11-05,4.09,1.89,3.77,1,13,22,26.8,24,359.65,12.84,26.3,18,623.05,23.08,False,False,False,False,False,False,False,False,False,False,False,False,False,False,False,True,False,False,False,False,False,True,False,False,False,False,False,False,False,False,False,False,False,False,False,False,False,False,False,False
108,11,2023-11-05,11.46,1.24,6.8,0,6,24,27.4,15,101.6,3.63,25.6,21,868.75,31.03,False,False,False,False,False,False,False,False,False,False,False,True,False,False,False,False,False,False,False,False,False,False,False,False,False,False,False,False,False,False,True,False,False,False,False,False,False,False,False,False
109,11,2023-11-06,2.13,3.29,3.73,2,26,15,25.3,20,761.3,29.28,23.5,19,947.3,31.58,False,False,False,False,False,False,False,False,False,False,False,False,False,False,False,False,False,True,False,False,False,False,False,False,False,False,True,False,False,False,False,False,False,False,False,False,False,False,False,False
110,11,2023-11-11,3.13,2.21,3.73,1,15,26,25.8,18,302.7,13.76,25.3,20,761.3,29.28,False,False,False,False,False,False,False,False,False,False,False,False,False,False,False,False,False,False,False,True,False,False,False,False,False,False,False,False,False,False,False,False,False,False,False,False,False,True,False,False
111,11,2023-11-11,1.19,15.07,7.34,1,27,4,25.5,18,1100.0,44.38,25.1,22,253.1,8.73,True,False,False,False,False,False,False,False,False,False,False,False,False,False,False,False,False,False,False,False,False,False,False,False,False,True,False,False,False,False,False,False,False,False,False,False,False,False,False,False
112,11,2023-11-11,2.44,3.11,3.21,2,15,14,26.0,13,385.9,13.31,27.1,11,336.9,13.48,False,False,False,False,False,False,False,True,False,False,False,False,False,False,False,False,False,False,False,False,False,False,False,False,False,False,False,False,True,False,False,False,False,False,False,False,False,False,False,False
113,11,2023-11-11,1.33,9.17,5.6,1,21,6,26.3,19,735.25,27.23,27.4,15,101.6,3.63,False,False,False,False,False,False,False,False,False,False,False,False,False,True,False,False,False,False,False,False,False,False,False,False,False,False,False,False,False,False,False,True,False,False,False,False,False,False,False,False
114,11,2023-11-11,4.67,1.73,4.03,1,9,20,25.8,17,341.8,13.15,27.4,13,638.7,22.81,False,False,True,False,False,False,False,False,False,False,False,False,False,False,False,False,False,False,False,False,False,False,False,False,False,False,False,False,False,False,False,False,False,False,True,False,False,False,False,False
115,11,2023-11-12,1.59,5.66,4.28,1,25,12,26.3,18,623.05,23.08,28.1,22,335.0,13.96,False,True,False,False,False,False,False,False,False,False,False,False,False,False,False,False,False,False,False,False,False,False,False,False,False,False,False,False,False,True,False,False,False,False,False,False,False,False,False,False
116,11,2023-11-12,1.24,11.71,6.73,0,19,5,25.4,19,487.1,18.04,25.8,17,146.75,5.06,False,False,False,False,True,False,False,False,False,False,False,False,False,False,False,False,False,False,False,False,False,False,False,False,False,False,False,False,False,False,False,False,False,False,False,False,True,False,False,False
117,11,2023-11-12,1.42,7.05,5.16,1,27,16,25.6,21,868.75,31.03,25.5,23,407.18,13.57,False,False,False,False,False,False,False,False,False,False,True,False,False,False,False,False,False,False,False,False,False,False,False,True,False,False,False,False,False,False,False,False,False,False,False,False,False,False,False,False
118,11,2023-11-12,1.89,4.09,3.77,1,17,13,28.4,14,440.6,20.03,26.8,24,359.65,12.84,False,False,False,False,False,False,False,False,False,False,False,False,False,False,False,False,False,False,True,False,False,False,False,False,False,False,False,False,False,False,False,False,False,False,False,True,False,False,False,False
119,11,2023-11-12,4.93,1.74,3.83,0,16,28,23.5,19,947.3,31.58,26.8,16,1260.0,57.42,False,False,False,False,False,False,True,False,False,False,False,False,False,False,False,False,False,False,False,False,False,False,False,False,False,False,False,False,False,False,False,False,True,False,False,False,False,False,False,False
120,11,2023-11-25,1.75,4.29,4.31,0,29,28,26.8,16,1260.0,57.42,25.6,21,868.75,31.03,False,False,False,False,False,False,False,False,False,False,False,False,True,False,False,False,False,False,False,False,False,False,False,False,False,False,False,False,False,False,True,False,False,False,False,False,False,False,False,False
121,11,2023-11-25,3.47,2.1,3.62,2,4,20,25.1,22,253.1,8.73,28.4,14,440.6,20.03,False,False,False,False,False,True,False,False,False,False,False,False,False,False,False,False,False,False,False,False,False,False,False,False,False,False,False,False,False,False,False,False,False,False,False,False,False,False,True,False
122,11,2023-11-25,3.63,2.13,3.38,1,9,15,27.4,15,101.6,3.63,26.0,13,385.9,13.31,False,False,False,False,False,False,False,False,False,False,False,True,False,False,False,False,False,False,False,False,False,False,False,False,False,False,False,True,False,False,False,False,False,False,False,False,False,False,False,False
123,11,2023-11-25,2.62,2.68,3.5,1,23,16,27.4,13,638.7,22.81,23.5,19,947.3,31.58,False,False,False,False,False,False,False,False,False,False,False,False,False,False,True,False,False,False,False,False,False,False,False,False,False,False,True,False,False,False,False,False,False,False,False,False,False,False,False,False
124,11,2023-11-25,3.22,2.2,3.64,2,13,22,26.8,24,359.65,12.84,25.4,19,487.1,18.04,False,False,False,False,False,False,False,False,False,False,False,False,False,False,False,True,False,False,False,False,False,False,False,False,True,False,False,False,False,False,False,False,False,False,False,False,False,False,False,False
125,11,2023-11-25,3.29,2.21,3.53,2,5,12,25.8,17,146.75,5.06,25.8,17,341.8,13.15,False,False,False,False,False,False,False,False,False,False,False,False,False,False,False,False,True,False,False,False,False,False,True,False,False,False,False,False,False,False,False,False,False,False,False,False,False,False,False,False
126,11,2023-11-25,4.64,1.77,3.84,2,16,30,25.5,23,407.18,13.57,25.5,18,1100.0,44.38,False,False,False,True,False,False,False,False,False,False,False,False,False,False,False,False,False,False,False,False,True,False,False,False,False,False,False,False,False,False,False,False,False,False,False,False,False,False,False,False
127,11,2023-11-26,2.35,2.8,3.89,2,26,28,25.3,20,761.3,29.28,26.3,18,623.05,23.08,False,False,False,False,False,False,False,False,False,False,False,False,False,False,False,False,False,True,False,False,False,True,False,False,False,False,False,False,False,False,False,False,False,False,False,False,False,False,False,False
128,11,2023-11-26,2.74,2.56,3.52,2,14,24,27.1,11,336.9,13.48,26.3,19,735.25,27.23,False,False,False,False,False,False,False,False,True,False,False,False,False,False,False,False,False,False,False,False,False,False,False,False,False,False,False,False,False,False,False,False,False,True,False,False,False,False,False,False
129,11,2023-11-27,2.43,3.02,3.34,1,15,15,28.1,22,335.0,13.96,25.8,18,302.7,13.76,False,False,False,False,False,False,False,False,False,True,False,False,False,False,False,False,False,False,False,False,False,False,False,False,False,False,False,False,False,False,False,False,False,False,False,False,False,False,False,True
130,12,2023-12-02,1.27,11.58,5.95,1,33,15,25.5,18,1100.0,44.38,25.8,18,302.7,13.76,True,False,False,False,False,False,False,False,False,False,False,False,False,False,False,False,False,False,False,False,False,False,False,False,False,False,False,False,False,False,False,False,False,False,False,False,False,False,False,True
131,12,2023-12-02,1.48,6.88,4.63,1,19,9,25.5,23,407.18,13.57,27.4,15,101.6,3.63,False,False,False,True,False,False,False,False,False,False,False,False,False,False,False,False,False,False,False,False,False,False,False,False,False,False,False,False,False,False,False,True,False,False,False,False,False,False,False,False
132,12,2023-12-02,1.83,4.55,3.68,1,7,5,25.1,22,253.1,8.73,25.8,17,146.75,5.06,False,False,False,False,False,True,False,False,False,False,False,False,False,False,False,False,False,False,False,False,False,False,False,False,False,False,False,False,False,False,False,False,False,False,False,False,True,False,False,False
133,12,2023-12-02,2.8,2.62,3.35,2,13,17,26.8,24,359.65,12.84,27.1,11,336.9,13.48,False,False,False,False,False,False,False,False,False,False,False,False,False,False,False,True,False,False,False,False,False,False,False,False,False,False,False,False,True,False,False,False,False,False,False,False,False,False,False,False
134,12,2023-12-02,1.94,3.84,3.84,1,26,24,27.4,13,638.7,22.81,26.3,19,735.25,27.23,False,False,False,False,False,False,False,False,False,False,False,False,False,False,True,False,False,False,False,False,False,False,False,False,False,False,False,False,False,False,False,False,False,True,False,False,False,False,False,False
135,12,2023-12-03,3.45,2.01,4.0,0,13,29,25.8,17,341.8,13.15,26.3,18,623.05,23.08,False,False,True,False,False,False,False,False,False,False,False,False,False,False,False,False,False,False,False,False,False,True,False,False,False,False,False,False,False,False,False,False,False,False,False,False,False,False,False,False
136,12,2023-12-03,1.75,4.37,4.24,1,19,22,23.5,19,947.3,31.58,25.4,19,487.1,18.04,False,False,False,False,False,False,True,False,False,False,False,False,False,False,False,False,False,False,False,False,False,False,False,False,True,False,False,False,False,False,False,False,False,False,False,False,False,False,False,False
137,12,2023-12-03,1.26,10.56,6.62,1,31,15,25.6,21,868.75,31.03,28.1,22,335.0,13.96,False,False,False,False,False,False,False,False,False,False,True,False,False,False,False,False,False,False,False,False,False,False,False,False,False,False,False,False,False,True,False,False,False,False,False,False,False,False,False,False
138,12,2023-12-03,2.02,3.84,3.53,0,21,16,28.4,14,440.6,20.03,26.0,13,385.9,13.31,False,False,False,False,False,False,False,False,False,False,False,False,False,False,False,False,False,False,True,False,False,False,False,False,False,False,False,True,False,False,False,False,False,False,False,False,False,False,False,False
139,12,2023-12-03,1.3,9.27,6.18,0,30,27,26.8,16,1260.0,57.42,25.3,20,761.3,29.28,False,False,False,False,False,False,False,False,False,False,False,False,True,False,False,False,False,False,False,False,False,False,False,False,False,False,False,False,False,False,False,False,False,False,False,False,False,True,False,False
140,12,2023-12-05,1.89,4.31,3.62,1,18,7,25.8,18,302.7,13.76,25.1,22,253.1,8.73,False,False,False,False,False,False,False,False,False,False,False,False,False,False,False,False,False,False,False,True,False,False,False,False,False,True,False,False,False,False,False,False,False,False,False,False,False,False,False,False
141,12,2023-12-05,14.98,1.21,6.73,2,9,36,27.4,15,101.6,3.63,25.5,18,1100.0,44.38,False,False,False,False,False,False,False,False,False,False,False,True,False,False,False,False,False,False,False,False,True,False,False,False,False,False,False,False,False,False,False,False,False,False,False,False,False,False,False,False
142,12,2023-12-06,1.93,3.77,3.91,1,25,19,25.4,19,487.1,18.04,25.5,23,407.18,13.57,False,False,False,False,True,False,False,False,False,False,False,False,False,False,False,False,False,False,False,False,False,False,False,True,False,False,False,False,False,False,False,False,False,False,False,False,False,False,False,False
143,12,2023-12-06,2.27,3.25,3.45,2,16,16,26.0,13,385.9,13.31,25.8,17,341.8,13.15,False,False,False,False,False,False,False,True,False,False,False,False,False,False,False,False,False,False,False,False,False,False,True,False,False,False,False,False,False,False,False,False,False,False,False,False,False,False,False,False
144,12,2023-12-06,2.05,3.78,3.49,1,18,13,28.1,22,335.0,13.96,26.8,24,359.65,12.84,False,False,False,False,False,False,False,False,False,True,False,False,False,False,False,False,False,False,False,False,False,False,False,False,False,False,False,False,False,False,False,False,False,False,False,True,False,False,False,False
145,12,2023-12-06,13.54,1.2,7.67,2,5,34,25.8,17,146.75,5.06,25.6,21,868.75,31.03,False,False,False,False,False,False,False,False,False,False,False,False,False,False,False,False,True,False,False,False,False,False,False,False,False,False,False,False,False,False,True,False,False,False,False,False,False,False,False,False
146,12,2023-12-06,4.45,1.73,4.26,1,32,30,26.3,18,623.05,23.08,26.8,16,1260.0,57.42,False,True,False,False,False,False,False,False,False,False,False,False,False,False,False,False,False,False,False,False,False,False,False,False,False,False,False,False,False,False,False,False,True,False,False,False,False,False,False,False
147,12,2023-12-06,2.82,2.43,3.65,1,27,19,26.3,19,735.25,27.23,23.5,19,947.3,31.58,False,False,False,False,False,False,False,False,False,False,False,False,False,True,False,False,False,False,False,False,False,False,False,False,False,False,True,False,False,False,False,False,False,False,False,False,False,False,False,False
148,12,2023-12-07,3.13,2.33,3.44,1,20,26,27.1,11,336.9,13.48,27.4,13,638.7,22.81,False,False,False,False,False,False,False,False,True,False,False,False,False,False,False,False,False,False,False,False,False,False,False,False,False,False,False,False,False,False,False,False,False,False,True,False,False,False,False,False
149,12,2023-12-07,1.79,4.08,4.22,2,27,24,25.3,20,761.3,29.28,28.4,14,440.6,20.03,False,False,False,False,False,False,False,False,False,False,False,False,False,False,False,False,False,True,False,False,False,False,False,False,False,False,False,False,False,False,False,False,False,False,False,False,False,False,True,False
150,12,2023-12-09,6.12,1.52,4.54,2,16,37,26.0,13,385.9,13.31,25.6,21,868.75,31.03,False,False,False,False,False,False,False,True,False,False,False,False,False,False,False,False,False,False,False,False,False,False,False,False,False,False,False,False,False,False,True,False,False,False,False,False,False,False,False,False
151,12,2023-12-09,1.5,6.18,4.69,0,26,8,25.4,19,487.1,18.04,25.1,22,253.1,8.73,False,False,False,False,True,False,False,False,False,False,False,False,False,False,False,False,False,False,False,False,False,False,False,False,False,True,False,False,False,False,False,False,False,False,False,False,False,False,False,False
152,12,2023-12-09,1.55,5.54,4.65,2,27,19,26.3,19,735.25,27.23,25.8,17,341.8,13.15,False,False,False,False,False,False,False,False,False,False,False,False,False,True,False,False,False,False,False,False,False,False,True,False,False,False,False,False,False,False,False,False,False,False,False,False,False,False,False,False
153,12,2023-12-09,4.48,1.8,3.82,1,8,19,25.8,17,146.75,5.06,25.5,23,407.18,13.57,False,False,False,False,False,False,False,False,False,False,False,False,False,False,False,False,True,False,False,False,False,False,False,True,False,False,False,False,False,False,False,False,False,False,False,False,False,False,False,False
154,12,2023-12-09,1.87,4.34,3.64,0,19,14,25.8,18,302.7,13.76,26.8,24,359.65,12.84,False,False,False,False,False,False,False,False,False,False,False,False,False,False,False,False,False,False,False,True,False,False,False,False,False,False,False,False,False,False,False,False,False,False,False,True,False,False,False,False
155,12,2023-12-09,3.41,2.11,3.66,1,35,36,26.3,18,623.05,23.08,25.5,18,1100.0,44.38,False,True,False,False,False,False,False,False,False,False,False,False,False,False,False,False,False,False,False,False,True,False,False,False,False,False,False,False,False,False,False,False,False,False,False,False,False,False,False,False
156,12,2023-12-10,3.02,2.31,3.59,1,23,19,27.1,11,336.9,13.48,23.5,19,947.3,31.58,False,False,False,False,False,False,False,False,True,False,False,False,False,False,False,False,False,False,False,False,False,False,False,False,False,False,True,False,False,False,False,False,False,False,False,False,False,False,False,False
157,12,2023-12-10,2.39,2.95,3.49,1,21,24,28.1,22,335.0,13.96,28.4,14,440.6,20.03,False,False,False,False,False,False,False,False,False,True,False,False,False,False,False,False,False,False,False,False,False,False,False,False,False,False,False,False,False,False,False,False,False,False,False,False,False,False,True,False
158,12,2023-12-10,18.02,1.15,8.94,2,9,33,27.4,15,101.6,3.63,26.8,16,1260.0,57.42,False,False,False,False,False,False,False,False,False,False,False,True,False,False,False,False,False,False,False,False,False,False,False,False,False,False,False,False,False,False,False,False,True,False,False,False,False,False,False,False
159,12,2023-12-10,2.2,3.05,3.84,1,30,26,25.3,20,761.3,29.28,27.4,13,638.7,22.81,False,False,False,False,False,False,False,False,False,False,False,False,False,False,False,False,False,True,False,False,False,False,False,False,False,False,False,False,False,False,False,False,False,False,True,False,False,False,False,False
160,12,2023-12-15,4.52,1.74,4.13,2,14,33,26.8,24,359.65,12.84,25.3,20,761.3,29.28,False,False,False,False,False,False,False,False,False,False,False,False,False,False,False,True,False,False,False,False,False,False,False,False,False,False,False,False,False,False,False,False,False,False,False,False,False,True,False,False
161,12,2023-12-16,1.24,12.28,6.49,1,22,8,23.5,19,947.3,31.58,25.8,17,146.75,5.06,False,False,False,False,False,False,True,False,False,False,False,False,False,False,False,False,False,False,False,False,False,False,False,False,False,False,False,False,False,False,False,False,False,False,False,False,True,False,False,False
162,12,2023-12-16,1.18,16.06,7.77,0,34,17,26.8,16,1260.0,57.42,26.0,13,385.9,13.31,False,False,False,False,False,False,False,False,False,False,False,False,True,False,False,False,False,False,False,False,False,False,False,False,False,False,False,True,False,False,False,False,False,False,False,False,False,False,False,False
163,12,2023-12-16,1.87,4.03,3.91,1,29,21,27.4,13,638.7,22.81,28.1,22,335.0,13.96,False,False,False,False,False,False,False,False,False,False,False,False,False,False,True,False,False,False,False,False,False,False,False,False,False,False,False,False,False,True,False,False,False,False,False,False,False,False,False,False
164,12,2023-12-16,3.55,2.14,3.45,2,8,26,25.1,22,253.1,8.73,27.1,11,336.9,13.48,False,False,False,False,False,True,False,False,False,False,False,False,False,False,False,False,False,False,False,False,False,False,False,False,False,False,False,False,True,False,False,False,False,False,False,False,False,False,False,False
165,12,2023-12-17,1.48,6.5,4.73,1,39,26,25.5,18,1100.0,44.38,25.4,19,487.1,18.04,True,False,False,False,False,False,False,False,False,False,False,False,False,False,False,False,False,False,False,False,False,False,False,False,True,False,False,False,False,False,False,False,False,False,False,False,False,False,False,False
166,12,2023-12-17,3.26,2.16,3.71,2,19,38,25.5,23,407.18,13.57,26.3,18,623.05,23.08,False,False,False,True,False,False,False,False,False,False,False,False,False,False,False,False,False,False,False,False,False,True,False,False,False,False,False,False,False,False,False,False,False,False,False,False,False,False,False,False
167,12,2023-12-17,2.16,3.4,3.55,1,27,19,28.4,14,440.6,20.03,25.8,18,302.7,13.76,False,False,False,False,False,False,False,False,False,False,False,False,False,False,False,False,False,False,True,False,False,False,False,False,False,False,False,False,False,False,False,False,False,False,False,False,False,False,False,True
168,12,2023-12-17,1.32,8.5,6.09,0,38,28,25.6,21,868.75,31.03,26.3,19,735.25,27.23,False,False,False,False,False,False,False,False,False,False,True,False,False,False,False,False,False,False,False,False,False,False,False,False,False,False,False,False,False,False,False,False,False,True,False,False,False,False,False,False
169,12,2023-12-21,3.35,2.18,3.5,0,18,27,26.0,13,385.9,13.31,25.4,19,487.1,18.04,False,False,False,False,False,False,False,True,False,False,False,False,False,False,False,False,False,False,False,False,False,False,False,False,True,False,False,False,False,False,False,False,False,False,False,False,False,False,False,False
170,12,2023-12-22,1.24,11.7,6.67,0,39,9,26.3,18,623.05,23.08,25.8,17,146.75,5.06,False,True,False,False,False,False,False,False,False,False,False,False,False,False,False,False,False,False,False,False,False,False,False,False,False,False,False,False,False,False,False,False,False,False,False,False,True,False,False,False
171,12,2023-12-23,2.61,2.6,3.65,1,30,28,28.4,14,440.6,20.03,26.3,19,735.25,27.23,False,False,False,False,False,False,False,False,False,False,False,False,False,False,False,False,False,False,True,False,False,False,False,False,False,False,False,False,False,False,False,False,False,True,False,False,False,False,False,False
172,12,2023-12-23,1.7,5.01,3.94,2,21,11,28.1,22,335.0,13.96,25.1,22,253.1,8.73,False,False,False,False,False,False,False,False,False,True,False,False,False,False,False,False,False,False,False,False,False,False,False,False,False,True,False,False,False,False,False,False,False,False,False,False,False,False,False,False
173,12,2023-12-23,5.0,1.65,4.23,1,12,29,27.4,15,101.6,3.63,27.4,13,638.7,22.81,False,False,False,False,False,False,False,False,False,False,False,True,False,False,False,False,False,False,False,False,False,False,False,False,False,False,False,False,False,False,False,False,False,False,True,False,False,False,False,False
174,12,2023-12-23,2.76,2.54,3.49,2,14,22,26.8,24,359.65,12.84,25.8,17,341.8,13.15,False,False,False,False,False,False,False,False,False,False,False,False,False,False,False,True,False,False,False,False,False,False,True,False,False,False,False,False,False,False,False,False,False,False,False,False,False,False,False,False
175,12,2023-12-23,1.8,4.08,4.16,1,36,26,25.3,20,761.3,29.28,27.1,11,336.9,13.48,False,False,False,False,False,False,False,False,False,False,False,False,False,False,False,False,False,True,False,False,False,False,False,False,False,False,False,False,True,False,False,False,False,False,False,False,False,False,False,False
176,12,2023-12-23,2.43,2.83,3.63,0,39,40,25.6,21,868.75,31.03,25.5,18,1100.0,44.38,False,False,False,False,False,False,False,False,False,False,True,False,False,False,False,False,False,False,False,False,True,False,False,False,False,False,False,False,False,False,False,False,False,False,False,False,False,False,False,False
177,12,2023-12-24,3.73,1.98,3.73,1,22,22,25.8,18,302.7,13.76,23.5,19,947.3,31.58,False,False,False,False,False,False,False,False,False,False,False,False,False,False,False,False,False,False,False,True,False,False,False,False,False,False,True,False,False,False,False,False,False,False,False,False,False,False,False,False
178,12,2023-12-26,1.51,6.57,4.41,2,29,17,27.4,13,638.7,22.81,26.8,24,359.65,12.84,False,False,False,False,False,False,False,False,False,False,False,False,False,False,True,False,False,False,False,False,False,False,False,False,False,False,False,False,False,False,False,False,False,False,False,True,False,False,False,False
179,12,2023-12-26,2.22,3.2,3.62,1,25,21,25.8,17,341.8,13.15,28.1,22,335.0,13.96,False,False,True,False,False,False,False,False,False,False,False,False,False,False,False,False,False,False,False,False,False,False,False,False,False,False,False,False,False,True,False,False,False,False,False,False,False,False,False,False
180,12,2023-12-26,2.41,3.07,3.32,2,9,15,25.8,17,146.75,5.06,27.4,15,101.6,3.63,False,False,False,False,False,False,False,False,False,False,False,False,False,False,False,False,True,False,False,False,False,False,False,False,False,False,False,False,False,False,False,True,False,False,False,False,False,False,False,False
181,12,2023-12-26,7.67,1.39,5.3,2,11,42,25.1,22,253.1,8.73,25.6,21,868.75,31.03,False,False,False,False,False,True,False,False,False,False,False,False,False,False,False,False,False,False,False,False,False,False,False,False,False,False,False,False,False,False,True,False,False,False,False,False,False,False,False,False
182,12,2023-12-26,2.63,2.61,3.63,1,31,39,26.3,19,735.25,27.23,26.3,18,623.05,23.08,False,False,False,False,False,False,False,False,False,False,False,False,False,True,False,False,False,False,False,False,False,True,False,False,False,False,False,False,False,False,False,False,False,False,False,False,False,False,False,False
183,12,2023-12-27,1.96,3.97,3.59,2,19,25,25.5,23,407.18,13.57,25.8,18,302.7,13.76,False,False,False,True,False,False,False,False,False,False,False,False,False,False,False,False,False,False,False,False,False,False,False,False,False,False,False,False,False,False,False,False,False,False,False,False,False,False,False,True
184,12,2023-12-27,1.7,5.02,3.91,1,25,18,23.5,19,947.3,31.58,26.0,13,385.9,13.31,False,False,False,False,False,False,True,False,False,False,False,False,False,False,False,False,False,False,False,False,False,False,False,False,False,False,False,True,False,False,False,False,False,False,False,False,False,False,False,False
185,12,2023-12-27,5.84,1.59,4.17,2,26,37,27.1,11,336.9,13.48,26.8,16,1260.0,57.42,False,False,False,False,False,False,False,False,True,False,False,False,False,False,False,False,False,False,False,False,False,False,False,False,False,False,False,False,False,False,False,False,True,False,False,False,False,False,False,False
186,12,2023-12-28,2.52,2.57,3.9,1,30,36,25.4,19,487.1,18.04,25.3,20,761.3,29.28,False,False,False,False,True,False,False,False,False,False,False,False,False,False,False,False,False,False,False,False,False,False,False,False,False,False,False,False,False,False,False,False,False,False,False,False,False,True,False,False
187,12,2023-12-28,1.35,8.64,5.39,2,40,33,25.5,18,1100.0,44.38,28.4,14,440.6,20.03,True,False,False,False,False,False,False,False,False,False,False,False,False,False,False,False,False,False,False,False,False,False,False,False,False,False,False,False,False,False,False,False,False,False,False,False,False,False,True,False
188,12,2023-12-30,6.04,1.53,4.53,2,15,28,27.4,15,101.6,3.63,23.5,19,947.3,31.58,False,False,False,False,False,False,False,False,False,False,False,True,False,False,False,False,False,False,False,False,False,False,False,False,False,False,True,False,False,False,False,False,False,False,False,False,False,False,False,False
189,12,2023-12-30,1.37,8.15,5.27,1,42,11,26.3,18,623.05,23.08,25.1,22,253.1,8.73,False,True,False,False,False,False,False,False,False,False,False,False,False,False,False,False,False,False,False,False,False,False,False,False,False,True,False,False,False,False,False,False,False,False,False,False,False,False,False,False
190,12,2023-12-30,2.23,3.43,3.33,1,21,19,26.0,13,385.9,13.31,25.5,23,407.18,13.57,False,False,False,False,False,False,False,True,False,False,False,False,False,False,False,False,False,False,False,False,False,False,False,True,False,False,False,False,False,False,False,False,False,False,False,False,False,False,False,False
191,12,2023-12-30,1.08,29.4,12.85,1,40,9,26.8,16,1260.0,57.42,25.8,17,146.75,5.06,False,False,False,False,False,False,False,False,False,False,False,False,True,False,False,False,False,False,False,False,False,False,False,False,False,False,False,False,False,False,False,False,False,False,False,False,True,False,False,False
192,12,2023-12-30,2.64,2.74,3.38,1,28,26,25.8,18,302.7,13.76,27.1,11,336.9,13.48,False,False,False,False,False,False,False,False,False,False,False,False,False,False,False,False,False,False,False,True,False,False,False,False,False,False,False,False,True,False,False,False,False,False,False,False,False,False,False,False
193,12,2023-12-30,3.27,2.16,3.68,1,20,31,26.8,24,359.65,12.84,26.3,19,735.25,27.23,False,False,False,False,False,False,False,False,False,False,False,False,False,False,False,True,False,False,False,False,False,False,False,False,False,False,False,False,False,False,False,False,False,True,False,False,False,False,False,False
194,12,2023-12-31,5.74,1.57,4.29,1,24,40,28.1,22,335.0,13.96,25.5,18,1100.0,44.38,False,False,False,False,False,False,False,False,False,True,False,False,False,False,False,False,False,False,False,False,True,False,False,False,False,False,False,False,False,False,False,False,False,False,False,False,False,False,False,False
195,12,2023-12-31,1.78,4.04,4.33,1,39,25,25.3,20,761.3,29.28,25.8,17,341.8,13.15,False,False,False,False,False,False,False,False,False,False,False,False,False,False,False,False,False,True,False,False,False,False,True,False,False,False,False,False,False,False,False,False,False,False,False,False,False,False,False,False
196,1,2024-01-01,1.46,6.56,4.88,1,45,29,25.6,21,868.75,31.03,27.4,13,638.7,22.81,False,False,False,False,False,False,False,False,False,False,True,False,False,False,False,False,False,False,False,False,False,False,False,False,False,False,False,False,False,False,False,False,False,False,True,False,False,False,False,False
197,1,2024-01-02,2.47,2.73,3.7,0,34,31,28.4,14,440.6,20.03,25.4,19,487.1,18.04,False,False,False,False,False,False,False,False,False,False,False,False,False,False,False,False,False,False,True,False,False,False,False,False,True,False,False,False,False,False,False,False,False,False,False,False,False,False,False,False
198,1,2024-01-12,2.03,3.74,3.58,0,12,16,25.1,22,253.1,8.73,27.4,15,101.6,3.63,False,False,False,False,False,True,False,False,False,False,False,False,False,False,False,False,False,False,False,False,False,False,False,False,False,False,False,False,False,False,False,True,False,False,False,False,False,False,False,False
199,1,2024-01-13,1.64,5.19,4.24,1,31,24,23.5,19,947.3,31.58,28.1,22,335.0,13.96,False,False,False,False,False,False,True,False,False,False,False,False,False,False,False,False,False,False,False,False,False,False,False,False,False,False,False,False,False,True,False,False,False,False,False,False,False,False,False,False
200,1,2024-01-13,5.5,1.57,4.47,2,29,43,27.4,13,638.7,22.81,26.8,16,1260.0,57.42,False,False,False,False,False,False,False,False,False,False,False,False,False,False,True,False,False,False,False,False,False,False,False,False,False,False,False,False,False,False,False,False,True,False,False,False,False,False,False,False
201,1,2024-01-14,2.79,2.45,3.62,0,27,43,27.1,11,336.9,13.48,26.3,18,623.05,23.08,False,False,False,False,False,False,False,False,True,False,False,False,False,False,False,False,False,False,False,False,False,True,False,False,False,False,False,False,False,False,False,False,False,False,False,False,False,False,False,False
202,1,2024-01-14,2.2,3.0,3.93,0,32,40,26.3,19,735.25,27.23,25.3,20,761.3,29.28,False,False,False,False,False,False,False,False,False,False,False,False,False,True,False,False,False,False,False,False,False,False,False,False,False,False,False,False,False,False,False,False,False,False,False,False,False,True,False,False
203,1,2024-01-20,1.29,11.19,5.74,1,43,21,25.5,18,1100.0,44.38,26.0,13,385.9,13.31,True,False,False,False,False,False,False,False,False,False,False,False,False,False,False,False,False,False,False,False,False,False,False,False,False,False,False,True,False,False,False,False,False,False,False,False,False,False,False,False
204,1,2024-01-20,1.9,4.06,3.72,1,22,20,25.5,23,407.18,13.57,26.8,24,359.65,12.84,False,False,False,True,False,False,False,False,False,False,False,False,False,False,False,False,False,False,False,False,False,False,False,False,False,False,False,False,False,False,False,False,False,False,False,True,False,False,False,False
205,1,2024-01-21,3.43,2.18,3.43,0,10,35,25.8,17,146.75,5.06,28.4,14,440.6,20.03,False,False,False,False,False,False,False,False,False,False,False,False,False,False,False,False,True,False,False,False,False,False,False,False,False,False,False,False,False,False,False,False,False,False,False,False,False,False,True,False
206,1,2024-01-21,4.38,1.71,4.37,2,25,48,25.8,17,341.8,13.15,25.6,21,868.75,31.03,False,False,True,False,False,False,False,False,False,False,False,False,False,False,False,False,False,False,False,False,False,False,False,False,False,False,False,False,False,False,True,False,False,False,False,False,False,False,False,False
207,1,2024-01-22,1.65,4.95,4.29,0,32,29,25.4,19,487.1,18.04,25.8,18,302.7,13.76,False,False,False,False,True,False,False,False,False,False,False,False,False,False,False,False,False,False,False,False,False,False,False,False,False,False,False,False,False,False,False,False,False,False,False,False,False,False,False,True
208,1,2024-01-30,8.12,1.39,5.09,2,20,46,26.8,24,359.65,12.84,25.5,18,1100.0,44.38,False,False,False,False,False,False,False,False,False,False,False,False,False,False,False,True,False,False,False,False,True,False,False,False,False,False,False,False,False,False,False,False,False,False,False,False,False,False,False,False
209,1,2024-01-30,2.45,3.01,3.33,0,25,28,28.1,22,335.0,13.96,27.1,11,336.9,13.48,False,False,False,False,False,False,False,False,False,True,False,False,False,False,False,False,False,False,False,False,False,False,False,False,False,False,False,False,True,False,False,False,False,False,False,False,False,False,False,False
210,1,2024-01-30,4.34,1.78,4.09,1,19,32,27.4,15,101.6,3.63,25.4,19,487.1,18.04,False,False,False,False,False,False,False,False,False,False,False,True,False,False,False,False,False,False,False,False,False,False,False,False,True,False,False,False,False,False,False,False,False,False,False,False,False,False,False,False
211,1,2024-01-30,1.64,5.92,3.87,1,24,10,26.0,13,385.9,13.31,25.8,17,146.75,5.06,False,False,False,False,False,False,False,True,False,False,False,False,False,False,False,False,False,False,False,False,False,False,False,False,False,False,False,False,False,False,False,False,False,False,False,False,True,False,False,False
212,1,2024-01-30,1.86,3.92,4.07,2,43,32,26.3,18,623.05,23.08,27.4,13,638.7,22.81,False,True,False,False,False,False,False,False,False,False,False,False,False,False,False,False,False,False,False,False,False,False,False,False,False,False,False,False,False,False,False,False,False,False,True,False,False,False,False,False
213,1,2024-01-31,1.1,24.13,11.19,1,46,12,26.8,16,1260.0,57.42,25.1,22,253.1,8.73,False,False,False,False,False,False,False,False,False,False,False,False,True,False,False,False,False,False,False,False,False,False,False,False,False,True,False,False,False,False,False,False,False,False,False,False,False,False,False,False
214,1,2024-01-31,1.67,4.75,4.34,1,43,22,25.3,20,761.3,29.28,25.5,23,407.18,13.57,False,False,False,False,False,False,False,False,False,False,False,False,False,False,False,False,False,True,False,False,False,False,False,True,False,False,False,False,False,False,False,False,False,False,False,False,False,False,False,False
215,1,2024-01-31,1.58,5.15,4.61,1,51,31,25.6,21,868.75,31.03,23.5,19,947.3,31.58,False,False,False,False,False,False,False,False,False,False,True,False,False,False,False,False,False,False,False,False,False,False,False,False,False,False,True,False,False,False,False,False,False,False,False,False,False,False,False,False
216,2,2024-02-01,2.43,2.75,3.73,0,36,26,28.4,14,440.6,20.03,25.8,17,341.8,13.15,False,False,False,False,False,False,False,False,False,False,False,False,False,False,False,False,False,False,True,False,False,False,True,False,False,False,False,False,False,False,False,False,False,False,False,False,False,False,False,False
217,2,2024-02-01,2.7,2.54,3.58,2,29,35,25.8,18,302.7,13.76,26.3,19,735.25,27.23,False,False,False,False,False,False,False,False,False,False,False,False,False,False,False,False,False,False,False,True,False,False,False,False,False,False,False,False,False,False,False,False,False,True,False,False,False,False,False,False
218,2,2024-02-03,2.94,2.34,3.69,0,29,44,27.1,11,336.9,13.48,25.3,20,761.3,29.28,False,False,False,False,False,False,False,False,True,False,False,False,False,False,False,False,False,False,False,False,False,False,False,False,False,False,False,False,False,False,False,False,False,False,False,False,False,True,False,False
219,2,2024-02-03,1.7,4.82,4.07,1,35,24,25.4,19,487.1,18.04,26.0,13,385.9,13.31,False,False,False,False,True,False,False,False,False,False,False,False,False,False,False,False,False,False,False,False,False,False,False,False,False,False,False,True,False,False,False,False,False,False,False,False,False,False,False,False
220,2,2024-02-03,2.94,2.43,3.45,0,13,26,25.1,22,253.1,8.73,28.1,22,335.0,13.96,False,False,False,False,False,True,False,False,False,False,False,False,False,False,False,False,False,False,False,False,False,False,False,False,False,False,False,False,False,True,False,False,False,False,False,False,False,False,False,False
221,2,2024-02-03,1.43,7.02,4.97,0,33,20,27.4,13,638.7,22.81,27.4,15,101.6,3.63,False,False,False,False,False,False,False,False,False,False,False,False,False,False,True,False,False,False,False,False,False,False,False,False,False,False,False,False,False,False,False,True,False,False,False,False,False,False,False,False
222,2,2024-02-03,5.1,1.63,4.29,2,10,46,25.8,17,146.75,5.06,26.3,18,623.05,23.08,False,False,False,False,False,False,False,False,False,False,False,False,False,False,False,False,True,False,False,False,False,True,False,False,False,False,False,False,False,False,False,False,False,False,False,False,False,False,False,False
223,2,2024-02-04,1.7,4.65,4.15,0,27,21,25.8,17,341.8,13.15,26.8,24,359.65,12.84,False,False,True,False,False,False,False,False,False,False,False,False,False,False,False,False,False,False,False,False,False,False,False,False,False,False,False,False,False,False,False,False,False,False,False,True,False,False,False,False
224,2,2024-02-04,1.63,5.24,4.22,2,31,32,23.5,19,947.3,31.58,25.8,18,302.7,13.76,False,False,False,False,False,False,True,False,False,False,False,False,False,False,False,False,False,False,False,False,False,False,False,False,False,False,False,False,False,False,False,False,False,False,False,False,False,False,False,True
225,2,2024-02-04,1.66,4.93,4.23,1,38,36,26.3,19,735.25,27.23,28.4,14,440.6,20.03,False,False,False,False,False,False,False,False,False,False,False,False,False,True,False,False,False,False,False,False,False,False,False,False,False,False,False,False,False,False,False,False,False,False,False,False,False,False,True,False
226,2,2024-02-04,2.25,3.07,3.67,1,49,51,25.5,18,1100.0,44.38,25.6,21,868.75,31.03,True,False,False,False,False,False,False,False,False,False,False,False,False,False,False,False,False,False,False,False,False,False,False,False,False,False,False,False,False,False,True,False,False,False,False,False,False,False,False,False
227,2,2024-02-05,7.17,1.42,4.99,2,22,49,25.5,23,407.18,13.57,26.8,16,1260.0,57.42,False,False,False,True,False,False,False,False,False,False,False,False,False,False,False,False,False,False,False,False,False,False,False,False,False,False,False,False,False,False,False,False,True,False,False,False,False,False,False,False
228,2,2024-02-10,1.2,13.47,7.36,1,52,29,26.8,16,1260.0,57.42,27.1,11,336.9,13.48,False,False,False,False,False,False,False,False,False,False,False,False,True,False,False,False,False,False,False,False,False,False,False,False,False,False,False,False,True,False,False,False,False,False,False,False,False,False,False,False
229,2,2024-02-10,2.4,2.88,3.58,1,29,27,28.1,22,335.0,13.96,25.8,17,341.8,13.15,False,False,False,False,False,False,False,False,False,True,False,False,False,False,False,False,False,False,False,False,False,False,True,False,False,False,False,False,False,False,False,False,False,False,False,False,False,False,False,False
230,2,2024-02-10,1.16,15.8,8.4,1,54,13,25.6,21,868.75,31.03,25.1,22,253.1,8.73,False,False,False,False,False,False,False,False,False,False,True,False,False,False,False,False,False,False,False,False,False,False,False,False,False,True,False,False,False,False,False,False,False,False,False,False,False,False,False,False
231,2,2024-02-10,1.77,4.59,3.88,2,20,13,27.4,15,101.6,3.63,25.8,17,146.75,5.06,False,False,False,False,False,False,False,False,False,False,False,True,False,False,False,False,False,False,False,False,False,False,False,False,False,False,False,False,False,False,False,False,False,False,False,False,True,False,False,False
232,2,2024-02-10,1.82,3.84,4.31,1,47,35,25.3,20,761.3,29.28,25.4,19,487.1,18.04,False,False,False,False,False,False,False,False,False,False,False,False,False,False,False,False,False,True,False,False,False,False,False,False,True,False,False,False,False,False,False,False,False,False,False,False,False,False,False,False
233,2,2024-02-10,2.12,3.38,3.66,2,32,25,25.8,18,302.7,13.76,25.5,23,407.18,13.57,False,False,False,False,False,False,False,False,False,False,False,False,False,False,False,False,False,False,False,True,False,False,False,True,False,False,False,False,False,False,False,False,False,False,False,False,False,False,False,False
234,2,2024-02-10,3.3,2.13,3.71,2,21,36,26.8,24,359.65,12.84,27.4,13,638.7,22.81,False,False,False,False,False,False,False,False,False,False,False,False,False,False,False,True,False,False,False,False,False,False,False,False,False,False,False,False,False,False,False,False,False,False,True,False,False,False,False,False
235,2,2024-02-11,5.81,1.55,4.38,2,36,52,28.4,14,440.6,20.03,25.5,18,1100.0,44.38,False,False,False,False,False,False,False,False,False,False,False,False,False,False,False,False,False,False,True,False,True,False,False,False,False,False,False,False,False,False,False,False,False,False,False,False,False,False,False,False
236,2,2024-02-11,2.17,3.11,3.83,2,46,41,26.3,18,623.05,23.08,26.3,19,735.25,27.23,False,True,False,False,False,False,False,False,False,False,False,False,False,False,False,False,False,False,False,False,False,False,False,False,False,False,False,False,False,False,False,False,False,True,False,False,False,False,False,False
237,2,2024-02-12,4.2,1.84,3.8,2,24,34,26.0,13,385.9,13.31,23.5,19,947.3,31.58,False,False,False,False,False,False,False,True,False,False,False,False,False,False,False,False,False,False,False,False,False,False,False,False,False,False,True,False,False,False,False,False,False,False,False,False,False,False,False,False
238,2,2024-02-17,5.24,1.59,4.52,2,25,57,25.5,23,407.18,13.57,25.6,21,868.75,31.03,False,False,False,True,False,False,False,False,False,False,False,False,False,False,False,False,False,False,False,False,False,False,False,False,False,False,False,False,False,False,True,False,False,False,False,False,False,False,False,False
239,2,2024-02-17,9.94,1.31,5.73,2,13,55,25.1,22,253.1,8.73,25.5,18,1100.0,44.38,False,False,False,False,False,True,False,False,False,False,False,False,False,False,False,False,False,False,False,False,True,False,False,False,False,False,False,False,False,False,False,False,False,False,False,False,False,False,False,False
240,2,2024-02-17,2.94,2.29,3.77,2,29,49,28.1,22,335.0,13.96,26.3,18,623.05,23.08,False,False,False,False,False,False,False,False,False,True,False,False,False,False,False,False,False,False,False,False,False,True,False,False,False,False,False,False,False,False,False,False,False,False,False,False,False,False,False,False
241,2,2024-02-17,1.85,3.83,4.16,0,37,28,27.4,13,638.7,22.81,25.8,17,341.8,13.15,False,False,False,False,False,False,False,False,False,False,False,False,False,False,True,False,False,False,False,False,False,False,True,False,False,False,False,False,False,False,False,False,False,False,False,False,False,False,False,False
242,2,2024-02-17,2.43,2.9,3.51,1,24,36,26.8,24,359.65,12.84,28.4,14,440.6,20.03,False,False,False,False,False,False,False,False,False,False,False,False,False,False,False,True,False,False,False,False,False,False,False,False,False,False,False,False,False,False,False,False,False,False,False,False,False,False,True,False
243,2,2024-02-17,1.55,5.37,4.75,2,47,35,25.3,20,761.3,29.28,25.8,18,302.7,13.76,False,False,False,False,False,False,False,False,False,False,False,False,False,False,False,False,False,True,False,False,False,False,False,False,False,False,False,False,False,False,False,False,False,False,False,False,False,False,False,True
244,2,2024-02-17,1.35,8.22,5.64,0,53,35,26.8,16,1260.0,57.42,23.5,19,947.3,31.58,False,False,False,False,False,False,False,False,False,False,False,False,True,False,False,False,False,False,False,False,False,False,False,False,False,False,True,False,False,False,False,False,False,False,False,False,False,False,False,False
245,2,2024-02-18,4.92,1.65,4.3,2,13,38,25.8,17,146.75,5.06,25.4,19,487.1,18.04,False,False,False,False,False,False,False,False,False,False,False,False,False,False,False,False,True,False,False,False,False,False,False,False,True,False,False,False,False,False,False,False,False,False,False,False,False,False,False,False
246,2,2024-02-18,4.07,1.81,4.09,2,20,44,27.4,15,101.6,3.63,26.3,19,735.25,27.23,False,False,False,False,False,False,False,False,False,False,False,True,False,False,False,False,False,False,False,False,False,False,False,False,False,False,False,False,False,False,False,False,False,True,False,False,False,False,False,False
247,2,2024-02-19,1.73,5.12,3.68,0,30,25,27.1,11,336.9,13.48,26.0,13,385.9,13.31,False,False,False,False,False,False,False,False,True,False,False,False,False,False,False,False,False,False,False,False,False,False,False,False,False,False,False,True,False,False,False,False,False,False,False,False,False,False,False,False
248,2,2024-02-20,1.18,15.16,8.12,1,56,25,26.8,16,1260.0,57.42,25.5,23,407.18,13.57,False,False,False,False,False,False,False,False,False,False,False,False,True,False,False,False,False,False,False,False,False,False,False,True,False,False,False,False,False,False,False,False,False,False,False,False,False,False,False,False
249,2,2024-02-21,1.2,13.14,7.72,1,60,20,25.6,21,868.75,31.03,27.4,15,101.6,3.63,False,False,False,False,False,False,False,False,False,False,True,False,False,False,False,False,False,False,False,False,False,False,False,False,False,False,False,False,False,False,False,True,False,False,False,False,False,False,False,False
250,2,2024-02-24,1.55,5.63,4.54,1,52,24,26.3,18,623.05,23.08,26.8,24,359.65,12.84,False,True,False,False,False,False,False,False,False,False,False,False,False,False,False,False,False,False,False,False,False,False,False,False,False,False,False,False,False,False,False,False,False,False,False,True,False,False,False,False
251,2,2024-02-24,1.84,4.1,3.93,0,39,31,25.4,19,487.1,18.04,27.1,11,336.9,13.48,False,False,False,False,True,False,False,False,False,False,False,False,False,False,False,False,False,False,False,False,False,False,False,False,False,False,False,False,True,False,False,False,False,False,False,False,False,False,False,False
252,2,2024-02-24,2.01,3.92,3.46,1,28,13,26.0,13,385.9,13.31,25.1,22,253.1,8.73,False,False,False,False,False,False,False,True,False,False,False,False,False,False,False,False,False,False,False,False,False,False,False,False,False,True,False,False,False,False,False,False,False,False,False,False,False,False,False,False
253,2,2024-02-24,1.58,5.33,4.47,2,44,32,26.3,19,735.25,27.23,28.1,22,335.0,13.96,False,False,False,False,False,False,False,False,False,False,False,False,False,True,False,False,False,False,False,False,False,False,False,False,False,False,False,False,False,True,False,False,False,False,False,False,False,False,False,False
254,2,2024-02-24,6.96,1.42,5.16,2,28,59,25.8,17,341.8,13.15,26.8,16,1260.0,57.42,False,False,True,False,False,False,False,False,False,False,False,False,False,False,False,False,False,False,False,False,False,False,False,False,False,False,False,False,False,False,False,False,True,False,False,False,False,False,False,False
255,2,2024-02-24,1.38,7.53,5.34,1,58,37,25.5,18,1100.0,44.38,27.4,13,638.7,22.81,True,False,False,False,False,False,False,False,False,False,False,False,False,False,False,False,False,False,False,False,False,False,False,False,False,False,False,False,False,False,False,False,False,False,True,False,False,False,False,False
256,2,2024-02-25,1.46,6.86,4.69,1,38,13,25.8,18,302.7,13.76,25.8,17,146.75,5.06,False,False,False,False,False,False,False,False,False,False,False,False,False,False,False,False,False,False,False,True,False,False,False,False,False,False,False,False,False,False,False,False,False,False,False,False,True,False,False,False
257,2,2024-02-26,2.5,2.73,3.6,1,39,25,28.4,14,440.6,20.03,25.5,23,407.18,13.57,False,False,False,False,False,False,False,False,False,False,False,False,False,False,False,False,False,False,True,False,False,False,False,True,False,False,False,False,False,False,False,False,False,False,False,False,False,False,False,False
258,3,2024-03-02,3.07,2.19,3.86,0,26,36,25.5,23,407.18,13.57,23.5,19,947.3,31.58,False,False,False,True,False,False,False,False,False,False,False,False,False,False,False,False,False,False,False,False,False,False,False,False,False,False,True,False,False,False,False,False,False,False,False,False,False,False,False,False
259,3,2024-03-02,2.09,3.52,3.57,2,31,42,27.1,11,336.9,13.48,28.4,14,440.6,20.03,False,False,False,False,False,False,False,False,True,False,False,False,False,False,False,False,False,False,False,False,False,False,False,False,False,False,False,False,False,False,False,False,False,False,False,False,False,False,True,False
260,3,2024-03-02,2.59,2.62,3.64,1,35,39,28.1,22,335.0,13.96,25.4,19,487.1,18.04,False,False,False,False,False,False,False,False,False,True,False,False,False,False,False,False,False,False,False,False,False,False,False,False,True,False,False,False,False,False,False,False,False,False,False,False,False,False,False,False
261,3,2024-03-02,1.9,3.8,3.95,1,40,38,27.4,13,638.7,22.81,25.8,18,302.7,13.76,False,False,False,False,False,False,False,False,False,False,False,False,False,False,True,False,False,False,False,False,False,False,False,False,False,False,False,False,False,False,False,False,False,False,False,False,False,False,False,True
262,3,2024-03-02,5.63,1.54,4.67,2,24,63,26.8,24,359.65,12.84,25.6,21,868.75,31.03,False,False,False,False,False,False,False,False,False,False,False,False,False,False,False,True,False,False,False,False,False,False,False,False,False,False,False,False,False,False,True,False,False,False,False,False,False,False,False,False
263,3,2024-03-02,1.49,6.26,4.66,1,50,28,25.3,20,761.3,29.28,26.0,13,385.9,13.31,False,False,False,False,False,False,False,False,False,False,False,False,False,False,False,False,False,True,False,False,False,False,False,False,False,False,False,True,False,False,False,False,False,False,False,False,False,False,False,False
264,3,2024-03-02,4.29,1.74,4.3,2,20,55,27.4,15,101.6,3.63,26.3,18,623.05,23.08,False,False,False,False,False,False,False,False,False,False,False,True,False,False,False,False,False,False,False,False,False,True,False,False,False,False,False,False,False,False,False,False,False,False,False,False,False,False,False,False
265,3,2024-03-03,3.72,1.96,3.78,2,13,31,25.1,22,253.1,8.73,25.8,17,341.8,13.15,False,False,False,False,False,True,False,False,False,False,False,False,False,False,False,False,False,False,False,False,False,False,True,False,False,False,False,False,False,False,False,False,False,False,False,False,False,False,False,False
266,3,2024-03-03,1.27,10.06,6.33,1,62,44,26.8,16,1260.0,57.42,26.3,19,735.25,27.23,False,False,False,False,False,False,False,False,False,False,False,False,True,False,False,False,False,False,False,False,False,False,False,False,False,False,False,False,False,False,False,False,False,True,False,False,False,False,False,False
267,3,2024-03-04,16.28,1.17,7.82,2,13,61,25.8,17,146.75,5.06,25.5,18,1100.0,44.38,False,False,False,False,False,False,False,False,False,False,False,False,False,False,False,False,True,False,False,False,True,False,False,False,False,False,False,False,False,False,False,False,False,False,False,False,False,False,False,False
